loss,grad_norm,learning_rate,epoch,step,ce_loss,reward,hybrid_loss,eval_loss,eval_runtime,eval_samples_per_second,eval_steps_per_second,train_runtime,train_samples_per_second,train_steps_per_second,total_flos,train_loss
1.5522,0.07811044901609421,0.0003,1.8598130841121496,100,,,,,,,,,,,,
,,,2.0,108,0.008114544674754143,0.83125,0.056305181235075,,,,,,,,,
,,,2.0,108,0.010416237637400627,0.8875000000000001,0.04104136675596237,,,,,,,,,
,,,2.0186915887850465,109,0.007445308845490217,0.8375,0.05396171286702156,,,,,,,,,
,,,2.0186915887850465,109,0.020824110135436058,0.85625,0.05770187824964523,,,,,,,,,
,,,2.0373831775700935,110,0.0037046908400952816,0.825,0.05509328097105026,,,,,,,,,
,,,2.0373831775700935,110,0.004031156189739704,0.8375,0.0515718087553978,,,,,,,,,
,,,2.05607476635514,111,0.00810531247407198,0.71875,0.09004872292280197,,,,,,,,,
,,,2.05607476635514,111,0.006580591667443514,0.7312500000000001,0.08523140847682953,,,,,,,,,
,,,2.074766355140187,112,0.004127596504986286,0.9,0.032889317721128464,,,,,,,,,
,,,2.074766355140187,112,0.008140195161104202,0.93125,0.026323137804865837,,,,,,,,,
,,,2.0934579439252334,113,0.016467908397316933,0.93125,0.03215253725647926,,,,,,,,,
,,,2.0934579439252334,113,0.006927032023668289,0.85,0.049848925322294235,,,,,,,,,
,,,2.1121495327102804,114,0.004686943255364895,0.9,0.033280860632658005,,,,,,,,,
,,,2.1121495327102804,114,0.010542865842580795,0.76875,0.07675500959157944,,,,,,,,,
,,,2.130841121495327,115,0.004000099841505289,0.8250000000000001,0.055300068110227585,,,,,,,,,
,,,2.130841121495327,115,0.002130668144673109,0.7875,0.06524146348237991,,,,,,,,,
,,,2.149532710280374,116,0.00458117201924324,0.8375,0.051956817507743835,,,,,,,,,
,,,2.149532710280374,116,0.00785183534026146,0.8500000000000001,0.050496287643909454,,,,,,,,,
,,,2.1682242990654204,117,0.012239648029208183,0.8375,0.05731775239109993,,,,,,,,,
,,,2.1682242990654204,117,0.005249243229627609,0.93125,0.024299470707774162,,,,,,,,,
,,,2.1869158878504673,118,0.002871682168915868,0.9,0.03201017528772354,,,,,,,,,
,,,2.1869158878504673,118,0.01054641604423523,0.71875,0.09175749123096466,,,,,,,,,
,,,2.205607476635514,119,0.003554700640961528,0.7375,0.08123829215765,,,,,,,,,
,,,2.205607476635514,119,0.00481172651052475,0.925,0.025868209078907967,,,,,,,,,
,,,2.2242990654205608,120,0.011390848085284233,0.775,0.0754735991358757,,,,,,,,,
,,,2.2242990654205608,120,0.006900016218423843,0.7625000000000001,0.07608000934123993,,,,,,,,,
,,,2.2429906542056073,121,0.0066100312396883965,0.775,0.07212702184915543,,,,,,,,,
,,,2.2429906542056073,121,0.003975302446633577,0.8500000000000001,0.04778271168470383,,,,,,,,,
,,,2.2616822429906542,122,0.014776590280234814,0.8375,0.05909360945224762,,,,,,,,,
,,,2.2616822429906542,122,0.007575779687613249,0.86875,0.04467804729938507,,,,,,,,,
,,,2.2803738317757007,123,0.004283532500267029,0.7625000000000001,0.07424847036600113,,,,,,,,,
,,,2.2803738317757007,123,0.00743295531719923,0.8625,0.046453069895505905,,,,,,,,,
,,,2.2990654205607477,124,0.0047204275615513325,0.9625,0.014554299414157867,,,,,,,,,
,,,2.2990654205607477,124,0.0061900801956653595,0.8375,0.05308305472135544,,,,,,,,,
,,,2.317757009345794,125,0.007737498730421066,0.96875,0.014791249297559261,,,,,,,,,
,,,2.317757009345794,125,0.010088183917105198,0.8125,0.06331172585487366,,,,,,,,,
,,,2.336448598130841,126,0.0040645720437169075,0.9375,0.021595200523734093,,,,,,,,,
,,,2.336448598130841,126,0.0023760562762618065,1.0,0.0016632393235340714,,,,,,,,,
,,,2.3551401869158877,127,0.004654127173125744,0.925,0.025757890194654465,,,,,,,,,
,,,2.3551401869158877,127,0.011163231916725636,0.89375,0.039689261466264725,,,,,,,,,
,,,2.3738317757009346,128,0.006284857168793678,0.7,0.09439940005540848,,,,,,,,,
,,,2.3738317757009346,128,0.007911911234259605,0.7875,0.06928833574056625,,,,,,,,,
,,,2.392523364485981,129,0.003028804436326027,0.825,0.054620161652565,,,,,,,,,
,,,2.392523364485981,129,0.0063929143361747265,0.625,0.11697503924369812,,,,,,,,,
,,,2.411214953271028,130,0.004868359304964542,0.6625000000000001,0.1046578511595726,,,,,,,,,
,,,2.411214953271028,130,0.006603132467716932,0.8625,0.045872192829847336,,,,,,,,,
,,,2.4299065420560746,131,0.004064527340233326,0.975,0.01034516841173172,,,,,,,,,
,,,2.4299065420560746,131,0.009770109318196774,0.775,0.07433907687664032,,,,,,,,,
,,,2.4485981308411215,132,0.009590297937393188,0.8875000000000001,0.04046320915222168,,,,,,,,,
,,,2.4485981308411215,132,0.0031528673134744167,0.80625,0.060332007706165314,,,,,,,,,
,,,2.467289719626168,133,0.02429443784058094,0.8916666666666667,0.04950610548257828,,,,,,,,,
,,,2.467289719626168,133,0.004163993988186121,0.8625,0.04416479915380478,,,,,,,,,
,,,2.485981308411215,134,0.01719674840569496,0.7875,0.07578772306442261,,,,,,,,,
,,,2.485981308411215,134,0.01141147967427969,0.884375,0.04267553612589836,,,,,,,,,
,,,2.5046728971962615,135,0.003192388918250799,0.9625,0.013484672643244267,,,,,,,,,
,,,2.5046728971962615,135,0.002793489024043083,1.0,0.001955442363396287,,,,,,,,,
,,,2.5233644859813085,136,0.008056842721998692,0.8375,0.05438978970050812,,,,,,,,,
,,,2.5233644859813085,136,0.007035260088741779,0.74375,0.08179968595504761,,,,,,,,,
,,,2.542056074766355,137,0.005201295949518681,0.8,0.06364090740680695,,,,,,,,,
,,,2.542056074766355,137,0.004893123637884855,0.825,0.05592518299818039,,,,,,,,,
,,,2.560747663551402,138,0.009550902061164379,0.8875000000000001,0.040435634553432465,,,,,,,,,
,,,2.560747663551402,138,0.007189686875790358,0.86875,0.04440778121352196,,,,,,,,,
,,,2.5794392523364484,139,0.006500599905848503,0.85,0.04955042153596878,,,,,,,,,
,,,2.5794392523364484,139,0.0025730449706315994,0.825,0.05430113151669502,,,,,,,,,
,,,2.5981308411214954,140,0.00408245949074626,0.84375,0.04973272234201431,,,,,,,,,
,,,2.5981308411214954,140,0.0030523850582540035,0.875,0.03963667154312134,,,,,,,,,
,,,2.616822429906542,141,0.024465203285217285,0.7312500000000001,0.09775064140558243,,,,,,,,,
,,,2.616822429906542,141,0.011083444580435753,1.0,0.0077584111131727695,,,,,,,,,
,,,2.635514018691589,142,0.0023692455142736435,0.8625,0.042908474802970886,,,,,,,,,
,,,2.635514018691589,142,0.0050677340477705,0.8125,0.059797413647174835,,,,,,,,,
,,,2.6542056074766354,143,0.0037609327118843794,0.93125,0.023257654160261154,,,,,,,,,
,,,2.6542056074766354,143,0.017835276201367378,0.915625,0.037797193974256516,,,,,,,,,
,,,2.6728971962616823,144,0.006621977314352989,0.93125,0.025260385125875473,,,,,,,,,
,,,2.6728971962616823,144,0.002023236360400915,0.975,0.008916265331208706,,,,,,,,,
,,,2.691588785046729,145,0.005189360119402409,0.7,0.09363255649805069,,,,,,,,,
,,,2.691588785046729,145,0.010255740955471992,0.7125,0.09342902153730392,,,,,,,,,
,,,2.710280373831776,146,0.0034977146424353123,0.925,0.024948401376605034,,,,,,,,,
,,,2.710280373831776,146,0.008098531514406204,0.8250000000000001,0.05816897004842758,,,,,,,,,
,,,2.7289719626168223,147,0.0029840655624866486,0.90625,0.030213845893740654,,,,,,,,,
,,,2.7289719626168223,147,0.008260082453489304,0.90625,0.03390705585479736,,,,,,,,,
,,,2.7476635514018692,148,0.005993803963065147,0.76875,0.07357066124677658,,,,,,,,,
,,,2.7476635514018692,148,0.00940635334700346,0.6937500000000001,0.09845945239067078,,,,,,,,,
,,,2.7663551401869158,149,0.004130125045776367,0.8875000000000001,0.036641087383031845,,,,,,,,,
,,,2.7663551401869158,149,0.0053192186169326305,0.9375,0.022473454475402832,,,,,,,,,
,,,2.7850467289719627,150,0.005249784793704748,0.90625,0.03179984912276268,,,,,,,,,
,,,2.7850467289719627,150,0.011010272428393364,0.8187500000000001,0.062082190066576004,,,,,,,,,
,,,2.803738317757009,151,0.004247257951647043,0.9125,0.029223080724477768,,,,,,,,,
,,,2.803738317757009,151,0.005341891199350357,0.8125,0.0599893219769001,,,,,,,,,
,,,2.822429906542056,152,0.004078663885593414,0.8625,0.04410506784915924,,,,,,,,,
,,,2.822429906542056,152,0.006616008467972279,0.775,0.0721312090754509,,,,,,,,,
,,,2.8411214953271027,153,0.0049155959859490395,0.6625000000000001,0.10469091683626175,,,,,,,,,
,,,2.8411214953271027,153,0.0217906441539526,0.884375,0.04994095116853714,,,,,,,,,
,,,2.8598130841121496,154,0.006083776243031025,0.78125,0.06988363713026047,,,,,,,,,
,,,2.8598130841121496,154,0.014376378618180752,0.89375,0.04193846508860588,,,,,,,,,
,,,2.878504672897196,155,0.0015723217511549592,1.0,0.001100625260733068,,,,,,,,,
,,,2.878504672897196,155,0.003170137759298086,0.8375,0.050969094038009644,,,,,,,,,
,,,2.897196261682243,156,0.002191963605582714,0.8125,0.05778437480330467,,,,,,,,,
,,,2.897196261682243,156,0.004058498423546553,0.9375,0.021590949967503548,,,,,,,,,
,,,2.9158878504672896,157,0.00757193099707365,0.8625,0.04655035212635994,,,,,,,,,
,,,2.9158878504672896,157,0.002556717721745372,0.9625,0.01303970254957676,,,,,,,,,
,,,2.9345794392523366,158,0.008908300660550594,0.8625,0.04748581349849701,,,,,,,,,
,,,2.9345794392523366,158,0.005904478020966053,0.76875,0.0735081359744072,,,,,,,,,
,,,2.953271028037383,159,0.006959285121411085,0.946875,0.020808998495340347,,,,,,,,,
,,,2.953271028037383,159,0.007810087874531746,0.8375,0.054217059165239334,,,,,,,,,
,,,2.97196261682243,160,0.005352020729333162,0.85625,0.04687141627073288,,,,,,,,,
,,,2.97196261682243,160,0.0024611237458884716,0.875,0.03922278806567192,,,,,,,,,
,,,2.9906542056074765,161,0.025525806471705437,0.75,0.09286806732416153,,,,,,,,,
,,,3.0,162,0.0018693757010623813,0.8625,0.042558565735816956,,,,,,,,,
,,,3.0,162,0.0047298395074903965,0.8,0.0633108839392662,,,,,,,,,
,,,3.0186915887850465,163,0.0028726113960146904,0.8375,0.05076082795858383,,,,,,,,,
,,,3.0186915887850465,163,0.003675436833873391,0.89375,0.0344478040933609,,,,,,,,,
,,,3.0373831775700935,164,0.007218723185360432,0.8375,0.053803104907274246,,,,,,,,,
,,,3.0373831775700935,164,0.007169870659708977,0.9,0.035018909722566605,,,,,,,,,
,,,3.05607476635514,165,0.00961622130125761,0.9375,0.02548135444521904,,,,,,,,,
,,,3.05607476635514,165,0.00831007119268179,0.946875,0.0217545498162508,,,,,,,,,
,,,3.074766355140187,166,0.003530911635607481,0.7875,0.06622163951396942,,,,,,,,,
,,,3.074766355140187,166,0.005063269753009081,0.8625,0.044794291257858276,,,,,,,,,
,,,3.0934579439252334,167,0.004442036151885986,0.9416666666666667,0.020609425380825996,,,,,,,,,
,,,3.0934579439252334,167,0.0069315130822360516,0.6625000000000001,0.10610205680131912,,,,,,,,,
,,,3.1121495327102804,168,0.008053617551922798,0.775,0.07313753664493561,,,,,,,,,
,,,3.1121495327102804,168,0.008198183961212635,0.8125,0.06198872625827789,,,,,,,,,
,,,3.130841121495327,169,0.013180630281567574,0.90625,0.03735144063830376,,,,,,,,,
,,,3.130841121495327,169,0.0112483911216259,0.7000000000000001,0.09787387400865555,,,,,,,,,
,,,3.149532710280374,170,0.006529269739985466,0.83125,0.055195488035678864,,,,,,,,,
,,,3.149532710280374,170,0.01132097840309143,0.8562500000000001,0.05104968324303627,,,,,,,,,
,,,3.1682242990654204,171,0.004328960552811623,0.7,0.09303027391433716,,,,,,,,,
,,,3.1682242990654204,171,0.006562746129930019,0.90625,0.032718922942876816,,,,,,,,,
,,,3.1869158878504673,172,0.0010335160186514258,1.0,0.0007234612130559981,,,,,,,,,
,,,3.1869158878504673,172,0.0036933845840394497,0.8291666666666666,0.053835369646549225,,,,,,,,,
,,,3.205607476635514,173,0.007262954488396645,0.7937500000000001,0.06695906817913055,,,,,,,,,
,,,3.205607476635514,173,0.003381740301847458,0.9375,0.02111721970140934,,,,,,,,,
,,,3.2242990654205608,174,0.003928605001419783,0.775,0.0702500268816948,,,,,,,,,
,,,3.2242990654205608,174,0.0055998931638896465,0.8625,0.045169927179813385,,,,,,,,,
,,,3.2429906542056073,175,0.004952643066644669,0.76875,0.07284185290336609,,,,,,,,,
,,,3.2429906542056073,175,0.006954331882297993,0.7312500000000001,0.08549302816390991,,,,,,,,,
,,,3.2616822429906542,176,0.01218762993812561,0.775,0.07603134214878082,,,,,,,,,
,,,3.2616822429906542,176,0.009745793417096138,1.0,0.006822055205702782,,,,,,,,,
,,,3.2803738317757007,177,0.007791771087795496,0.8791666666666667,0.04170423746109009,,,,,,,,,
,,,3.2803738317757007,177,0.00414323853328824,0.9625,0.014150267466902733,,,,,,,,,
,,,3.2990654205607477,178,0.013030854053795338,0.9041666666666667,0.037871599197387695,,,,,,,,,
,,,3.2990654205607477,178,0.004866437055170536,0.9625,0.014656506478786469,,,,,,,,,
,,,3.317757009345794,179,0.008699212223291397,0.86875,0.045464448630809784,,,,,,,,,
,,,3.317757009345794,179,0.007198518142104149,0.7375,0.08378896117210388,,,,,,,,,
,,,3.336448598130841,180,0.004399478435516357,0.8,0.06307963281869888,,,,,,,,,
,,,3.336448598130841,180,0.010464973747730255,0.86875,0.046700481325387955,,,,,,,,,
,,,3.3551401869158877,181,0.007991140708327293,0.93125,0.026218799874186516,,,,,,,,,
,,,3.3551401869158877,181,0.006031999364495277,0.8625,0.045472402125597,,,,,,,,,
,,,3.3738317757009346,182,0.001613949192687869,1.0,0.0011297643650323153,,,,,,,,,
,,,3.3738317757009346,182,0.0052819144912064075,0.8375,0.05244733765721321,,,,,,,,,
,,,3.392523364485981,183,0.007036199793219566,0.6625,0.10617534071207047,,,,,,,,,
,,,3.392523364485981,183,0.007039262913167477,0.93125,0.02555248513817787,,,,,,,,,
,,,3.411214953271028,184,0.0126738166436553,0.93125,0.029496673494577408,,,,,,,,,
,,,3.411214953271028,184,0.003221494611352682,0.8625,0.043505046516656876,,,,,,,,,
,,,3.4299065420560746,185,0.003379511646926403,0.8,0.062365658581256866,,,,,,,,,
,,,3.4299065420560746,185,0.00683349184691906,0.84375,0.05165844410657883,,,,,,,,,
,,,3.4485981308411215,186,0.0034603234380483627,0.9187500000000001,0.026797225698828697,,,,,,,,,
,,,3.4485981308411215,186,0.0032021335791796446,0.89375,0.03411649167537689,,,,,,,,,
,,,3.467289719626168,187,0.003492670599371195,0.925,0.024944869801402092,,,,,,,,,
,,,3.467289719626168,187,0.002068151021376252,0.9375,0.020197706297039986,,,,,,,,,
,,,3.485981308411215,188,0.005161483772099018,0.875,0.04111304134130478,,,,,,,,,
,,,3.485981308411215,188,0.003219150472432375,0.925,0.024753406643867493,,,,,,,,,
,,,3.5046728971962615,189,0.0024797406513243914,0.93125,0.022360818460583687,,,,,,,,,
,,,3.5046728971962615,189,0.004302341025322676,0.925,0.025511639192700386,,,,,,,,,
,,,3.5233644859813085,190,0.006475943140685558,0.89375,0.036408159881830215,,,,,,,,,
,,,3.5233644859813085,190,0.010417421348392963,0.84375,0.05416719615459442,,,,,,,,,
,,,3.542056074766355,191,0.005122434347867966,0.9375,0.022335704416036606,,,,,,,,,
,,,3.542056074766355,191,0.0029630139470100403,0.8625,0.04332411289215088,,,,,,,,,
,,,3.560747663551402,192,0.0029993965290486813,0.9,0.03209957852959633,,,,,,,,,
,,,3.560747663551402,192,0.0034533790312707424,0.9875,0.006167365238070488,,,,,,,,,
,,,3.5794392523364484,193,0.013014616444706917,0.8625,0.05036023259162903,,,,,,,,,
,,,3.5794392523364484,193,0.0052696578204631805,0.9,0.03368876129388809,,,,,,,,,
,,,3.5981308411214954,194,0.003654870903119445,0.775,0.0700584128499031,,,,,,,,,
,,,3.5981308411214954,194,0.008869888260960579,0.83125,0.05683392286300659,,,,,,,,,
,,,3.616822429906542,195,0.0038980981335043907,0.88125,0.03835366666316986,,,,,,,,,
,,,3.616822429906542,195,0.007074472960084677,0.7375,0.08370213210582733,,,,,,,,,
,,,3.635514018691589,196,0.00566061120480299,0.7000000000000001,0.09396243095397949,,,,,,,,,
,,,3.635514018691589,196,0.009074538014829159,0.83125,0.056977175176143646,,,,,,,,,
,,,3.6542056074766354,197,0.02341959998011589,0.86875,0.05576872080564499,,,,,,,,,
,,,3.6542056074766354,197,0.0016726088942959905,0.975,0.008670826442539692,,,,,,,,,
,,,3.6728971962616823,198,0.00502821197733283,0.9,0.03351974859833717,,,,,,,,,
,,,3.6728971962616823,198,0.0074743651784956455,0.775,0.07273206114768982,,,,,,,,,
,,,3.691588785046729,199,0.005532326176762581,0.6625,0.1051226258277893,,,,,,,,,
,,,3.691588785046729,199,0.007381257135421038,0.7625,0.07641687989234924,,,,,,,,,
0.0459,0.053566161543130875,0.0003,3.710280373831776,200,,,,,,,,,,,,
,,,3.710280373831776,200,0.013346092775464058,0.8812500000000001,0.04496726393699646,,,,,,,,,
,,,3.710280373831776,200,0.0027756444178521633,0.8625,0.04319295287132263,,,,,,,,,
,,,3.7289719626168223,201,0.004218351095914841,0.8,0.06295284628868103,,,,,,,,,
,,,3.7289719626168223,201,0.0023432415910065174,0.9624999999999999,0.012890269979834557,,,,,,,,,
,,,3.7476635514018692,202,0.0025060814805328846,0.984375,0.006441757082939148,,,,,,,,,
,,,3.7476635514018692,202,0.009681321680545807,0.86875,0.04615192487835884,,,,,,,,,
,,,3.7663551401869158,203,0.0015978761948645115,0.9500000000000001,0.01611851342022419,,,,,,,,,
,,,3.7663551401869158,203,0.004672791343182325,0.9,0.033270955085754395,,,,,,,,,
,,,3.7850467289719627,204,0.004464258905500174,0.8,0.06312497705221176,,,,,,,,,
,,,3.7850467289719627,204,0.0032493839971721172,0.8125,0.058524567633867264,,,,,,,,,
,,,3.803738317757009,205,0.010066099464893341,0.75,0.0820462703704834,,,,,,,,,
,,,3.803738317757009,205,0.0058687361888587475,0.8,0.06410811096429825,,,,,,,,,
,,,3.822429906542056,206,0.004498978145420551,0.80625,0.06127428635954857,,,,,,,,,
,,,3.822429906542056,206,0.009522324427962303,0.6062500000000001,0.12479062378406525,,,,,,,,,
,,,3.8411214953271027,207,0.008842621929943562,0.734375,0.08587733656167984,,,,,,,,,
,,,3.8411214953271027,207,0.004163478966802359,0.8375,0.051664434373378754,,,,,,,,,
,,,3.8598130841121496,208,0.011848964728415012,0.775,0.0757942795753479,,,,,,,,,
,,,3.8598130841121496,208,0.003092812607064843,0.95,0.017164967954158783,,,,,,,,,
,,,3.878504672897196,209,0.003230005968362093,1.0,0.002261004177853465,,,,,,,,,
,,,3.878504672897196,209,0.00335873756557703,0.7375,0.08110111206769943,,,,,,,,,
,,,3.897196261682243,210,0.0023985053412616253,0.8875,0.035428956151008606,,,,,,,,,
,,,3.897196261682243,210,0.004662371706217527,0.86875,0.04263865947723389,,,,,,,,,
,,,3.9158878504672896,211,0.0027222614735364914,0.8,0.06190558150410652,,,,,,,,,
,,,3.9158878504672896,211,0.01313085574656725,0.7875,0.0729416012763977,,,,,,,,,
,,,3.9345794392523366,212,0.003401575144380331,0.9375,0.021131103858351707,,,,,,,,,
,,,3.9345794392523366,212,0.003296449314802885,0.8625,0.04355751723051071,,,,,,,,,
,,,3.953271028037383,213,0.0028875276912003756,0.8375,0.05077126622200012,,,,,,,,,
,,,3.953271028037383,213,0.006123362574726343,0.9375,0.023036355152726173,,,,,,,,,
,,,3.97196261682243,214,0.0025538261979818344,0.925,0.02428767830133438,,,,,,,,,
,,,3.97196261682243,214,0.005745681002736092,0.775,0.07152198255062103,,,,,,,,,
,,,3.9906542056074765,215,0.006485593970865011,1.0,0.004539915826171637,,,,,,,,,
,,,4.0,216,0.006558338180184364,0.9375,0.02334083802998066,,,,,,,,,
,,,4.0,216,0.001999063417315483,0.85,0.046399347484111786,,,,,,,,,
,,,4.018691588785047,217,0.0038949409499764442,0.8375,0.051476456224918365,,,,,,,,,
,,,4.018691588785047,217,0.027637360617518425,0.775,0.08684615790843964,,,,,,,,,
,,,4.037383177570093,218,0.0028852259274572134,0.9625,0.013269659131765366,,,,,,,,,
,,,4.037383177570093,218,0.005684027448296547,0.69375,0.09585382044315338,,,,,,,,,
,,,4.05607476635514,219,0.004445673432201147,0.9,0.033111970871686935,,,,,,,,,
,,,4.05607476635514,219,0.004927185829728842,0.8,0.06344902515411377,,,,,,,,,
,,,4.074766355140187,220,0.005257563665509224,0.7625000000000001,0.07493029534816742,,,,,,,,,
,,,4.074766355140187,220,0.005102639086544514,0.9,0.03357184678316116,,,,,,,,,
,,,4.093457943925234,221,0.0077409567311406136,0.8625,0.04666867107152939,,,,,,,,,
,,,4.093457943925234,221,0.0026423106901347637,0.9375,0.020599618554115295,,,,,,,,,
,,,4.11214953271028,222,0.005208971910178661,0.834375,0.05333378165960312,,,,,,,,,
,,,4.11214953271028,222,0.006810479331761599,0.8625,0.04601733759045601,,,,,,,,,
,,,4.130841121495327,223,0.0022105847019702196,0.9,0.03154740855097771,,,,,,,,,
,,,4.130841121495327,223,0.0018810405163094401,0.9,0.03131672739982605,,,,,,,,,
,,,4.149532710280374,224,0.0034505315124988556,0.8375,0.051165372133255005,,,,,,,,,
,,,4.149532710280374,224,0.005251200869679451,0.89375,0.03555084019899368,,,,,,,,,
,,,4.168224299065421,225,0.0071236914955079556,0.875,0.042486585676670074,,,,,,,,,
,,,4.168224299065421,225,0.0029224534519016743,0.8125,0.05829571560025215,,,,,,,,,
,,,4.186915887850467,226,0.010425555519759655,0.8625,0.0485478900372982,,,,,,,,,
,,,4.186915887850467,226,0.01735677197575569,0.86875,0.05152473971247673,,,,,,,,,
,,,4.205607476635514,227,0.0021633021533489227,0.8,0.06151431053876877,,,,,,,,,
,,,4.205607476635514,227,0.003997344523668289,0.8625,0.044048141688108444,,,,,,,,,
,,,4.224299065420561,228,0.007135449908673763,0.8125,0.06124481186270714,,,,,,,,,
,,,4.224299065420561,228,0.0051574124954640865,0.9375,0.022360188886523247,,,,,,,,,
,,,4.242990654205608,229,0.004128296859562397,1.0,0.002889807801693678,,,,,,,,,
,,,4.242990654205608,229,0.0259186290204525,0.9041666666666667,0.04689303785562515,,,,,,,,,
,,,4.261682242990654,230,0.0037222113460302353,0.80625,0.060730546712875366,,,,,,,,,
,,,4.261682242990654,230,0.01081387884914875,0.74375,0.08444471657276154,,,,,,,,,
,,,4.280373831775701,231,0.00897921621799469,0.921875,0.029722951352596283,,,,,,,,,
,,,4.280373831775701,231,0.004126167856156826,0.86875,0.04226331785321236,,,,,,,,,
,,,4.299065420560748,232,0.003393152030184865,0.7875,0.06612520664930344,,,,,,,,,
,,,4.299065420560748,232,0.005657350178807974,0.8875000000000001,0.037710145115852356,,,,,,,,,
,,,4.317757009345795,233,0.005815916694700718,0.8625,0.04532114416360855,,,,,,,,,
,,,4.317757009345795,233,0.004170662723481655,0.925,0.025419464334845543,,,,,,,,,
,,,4.336448598130841,234,0.006119740195572376,0.85,0.049283821135759354,,,,,,,,,
,,,4.336448598130841,234,0.005931123159825802,0.95,0.019151786342263222,,,,,,,,,
,,,4.355140186915888,235,0.004966081120073795,0.8625,0.044726260006427765,,,,,,,,,
,,,4.355140186915888,235,0.017538277432322502,0.9,0.04227679222822189,,,,,,,,,
,,,4.373831775700935,236,0.008597548119723797,0.76875,0.07539328187704086,,,,,,,,,
,,,4.373831775700935,236,0.009352206252515316,0.8,0.06654654443264008,,,,,,,,,
,,,4.392523364485982,237,0.004134986083954573,0.8250000000000001,0.0553944893181324,,,,,,,,,
,,,4.392523364485982,237,0.003238140605390072,0.83125,0.052891697734594345,,,,,,,,,
,,,4.411214953271028,238,0.005447627976536751,0.6000000000000001,0.12381333857774734,,,,,,,,,
,,,4.411214953271028,238,0.000906221684999764,0.9375,0.0193843562155962,,,,,,,,,
,,,4.429906542056075,239,0.003389353398233652,0.96875,0.011747547425329685,,,,,,,,,
,,,4.429906542056075,239,0.003439346794039011,0.9,0.03240754082798958,,,,,,,,,
,,,4.4485981308411215,240,0.0399668850004673,0.7541666666666668,0.10172681510448456,,,,,,,,,
,,,4.4485981308411215,240,0.013039709068834782,0.9166666666666667,0.034127797931432724,,,,,,,,,
,,,4.4672897196261685,241,0.004389476031064987,0.8875000000000001,0.03682263568043709,,,,,,,,,
,,,4.4672897196261685,241,0.005067477002739906,0.83125,0.05417223274707794,,,,,,,,,
,,,4.485981308411215,242,0.01059013046324253,0.8500000000000001,0.05241309106349945,,,,,,,,,
,,,4.485981308411215,242,0.005393253173679113,0.925,0.026275277137756348,,,,,,,,,
,,,4.5046728971962615,243,0.009442858397960663,0.9229166666666666,0.029735000804066658,,,,,,,,,
,,,4.5046728971962615,243,0.004549943841993809,0.8375,0.05193495750427246,,,,,,,,,
,,,4.5233644859813085,244,0.009403131902217865,0.8041666666666666,0.06533218920230865,,,,,,,,,
,,,4.5233644859813085,244,0.03126802295446396,0.925,0.04438761621713638,,,,,,,,,
,,,4.542056074766355,245,0.005737671162933111,0.96875,0.013391369953751564,,,,,,,,,
,,,4.542056074766355,245,0.007096410263329744,0.8250000000000001,0.05746748670935631,,,,,,,,,
,,,4.5607476635514015,246,0.0056172702461481094,0.9,0.03393208980560303,,,,,,,,,
,,,4.5607476635514015,246,0.004825303331017494,0.8,0.06337770819664001,,,,,,,,,
,,,4.579439252336448,247,0.007661249488592148,0.84375,0.05223787575960159,,,,,,,,,
,,,4.579439252336448,247,0.005570573732256889,0.875,0.041399404406547546,,,,,,,,,
,,,4.598130841121495,248,0.007196717895567417,0.93125,0.025662703439593315,,,,,,,,,
,,,4.598130841121495,248,0.005739586427807808,0.86875,0.04339271038770676,,,,,,,,,
,,,4.616822429906542,249,0.004231290891766548,0.9,0.032961901277303696,,,,,,,,,
,,,4.616822429906542,249,0.006062838714569807,0.9,0.03424398601055145,,,,,,,,,
,,,4.635514018691588,250,0.007848313078284264,0.9625,0.016743820160627365,,,,,,,,,
,,,4.635514018691588,250,0.005941928829997778,0.784375,0.06884685158729553,,,,,,,,,
,,,4.654205607476635,251,0.008371666073799133,0.875,0.04336016625165939,,,,,,,,,
,,,4.654205607476635,251,0.001980340341106057,0.8625,0.042636238038539886,,,,,,,,,
,,,4.672897196261682,252,0.007585645187646151,0.8,0.06530994921922684,,,,,,,,,
,,,4.672897196261682,252,0.009591899812221527,0.8250000000000001,0.05921432748436928,,,,,,,,,
,,,4.691588785046729,253,0.003491020295768976,0.875,0.039943717420101166,,,,,,,,,
,,,4.691588785046729,253,0.006045930553227663,0.86875,0.04360715299844742,,,,,,,,,
,,,4.710280373831775,254,0.007959360256791115,0.93125,0.0261965524405241,,,,,,,,,
,,,4.710280373831775,254,0.003094056621193886,0.70625,0.09029083698987961,,,,,,,,,
,,,4.728971962616822,255,0.008885754272341728,0.7875,0.0699700266122818,,,,,,,,,
,,,4.728971962616822,255,0.004323606379330158,0.8,0.06302652508020401,,,,,,,,,
,,,4.747663551401869,256,0.0023511392064392567,1.0,0.001645797397941351,,,,,,,,,
,,,4.747663551401869,256,0.006476626731455326,0.9791666666666666,0.010783638805150986,,,,,,,,,
,,,4.766355140186916,257,0.005041699856519699,0.8625,0.04477919265627861,,,,,,,,,
,,,4.766355140186916,257,0.006788958795368671,0.84375,0.0516272708773613,,,,,,,,,
,,,4.785046728971962,258,0.0074353995732963085,0.946875,0.021142279729247093,,,,,,,,,
,,,4.785046728971962,258,0.01836906187236309,0.846875,0.05879584327340126,,,,,,,,,
,,,4.803738317757009,259,0.008586090058088303,0.94375,0.022885262966156006,,,,,,,,,
,,,4.803738317757009,259,0.006009289994835854,0.7625,0.07545650005340576,,,,,,,,,
,,,4.822429906542056,260,0.0020553674548864365,0.8625,0.0426887571811676,,,,,,,,,
,,,4.822429906542056,260,0.007235658820718527,0.8562500000000001,0.04818996042013168,,,,,,,,,
,,,4.841121495327103,261,0.004568375181406736,0.93125,0.023822862654924393,,,,,,,,,
,,,4.841121495327103,261,0.008262228220701218,0.9187500000000001,0.03015855886042118,,,,,,,,,
,,,4.859813084112149,262,0.004057713784277439,0.6687500000000001,0.10221540182828903,,,,,,,,,
,,,4.859813084112149,262,0.004134143702685833,0.9,0.03289389982819557,,,,,,,,,
,,,4.878504672897196,263,0.012243335135281086,0.9187500000000001,0.032945334911346436,,,,,,,,,
,,,4.878504672897196,263,0.0038770665414631367,0.8375,0.05146394670009613,,,,,,,,,
,,,4.897196261682243,264,0.006092507857829332,0.8375,0.05301475524902344,,,,,,,,,
,,,4.897196261682243,264,0.002984233433380723,0.9375,0.020838964730501175,,,,,,,,,
,,,4.91588785046729,265,0.005844194907695055,0.8,0.06409093737602234,,,,,,,,,
,,,4.91588785046729,265,0.002671250607818365,0.9,0.03186987340450287,,,,,,,,,
,,,4.934579439252336,266,0.003930684644728899,0.89375,0.03462648019194603,,,,,,,,,
,,,4.934579439252336,266,0.008774161338806152,0.96875,0.015516912564635277,,,,,,,,,
,,,4.953271028037383,267,0.005664973985403776,0.86875,0.04334048181772232,,,,,,,,,
,,,4.953271028037383,267,0.003142454894259572,0.86875,0.041574716567993164,,,,,,,,,
,,,4.97196261682243,268,0.0036055862437933683,0.775,0.07002390921115875,,,,,,,,,
,,,4.97196261682243,268,0.010008473880589008,0.9,0.03700593113899231,,,,,,,,,
,,,4.990654205607477,269,0.03637763857841492,0.85,0.0704643502831459,,,,,,,,,
,,,5.0,270,0.0019334886455908418,0.8625,0.042603444308042526,,,,,,,,,
,,,5.0,270,0.00957162119448185,0.9,0.036700133234262466,,,,,,,,,
,,,5.018691588785047,271,0.0021901833824813366,0.875,0.039033129811286926,,,,,,,,,
,,,5.018691588785047,271,0.010320154950022697,0.90625,0.03534910827875137,,,,,,,,,
,,,5.037383177570093,272,0.0045346589758992195,0.875,0.04067426174879074,,,,,,,,,
,,,5.037383177570093,272,0.0020842149388045073,0.8375,0.05020894855260849,,,,,,,,,
,,,5.05607476635514,273,0.003330738516524434,0.8625,0.0435815192759037,,,,,,,,,
,,,5.05607476635514,273,0.00400886544957757,0.7625000000000001,0.07405620813369751,,,,,,,,,
,,,5.074766355140187,274,0.0023457659408450127,0.875,0.03914203867316246,,,,,,,,,
,,,5.074766355140187,274,0.0065305195748806,0.8187500000000001,0.058946363627910614,,,,,,,,,
,,,5.093457943925234,275,0.003518674522638321,0.925,0.024963073432445526,,,,,,,,,
,,,5.093457943925234,275,0.0032859425991773605,0.88125,0.03792515769600868,,,,,,,,,
,,,5.11214953271028,276,0.005677678156644106,0.7,0.09397438168525696,,,,,,,,,
,,,5.11214953271028,276,0.006733571644872427,0.7125,0.09096349775791168,,,,,,,,,
,,,5.130841121495327,277,0.007956934161484241,0.875,0.043069854378700256,,,,,,,,,
,,,5.130841121495327,277,0.006057873833924532,0.8500000000000001,0.049240514636039734,,,,,,,,,
,,,5.149532710280374,278,0.004331858363002539,0.7625,0.07428230345249176,,,,,,,,,
,,,5.149532710280374,278,0.0037957089953124523,0.8,0.06265699863433838,,,,,,,,,
,,,5.168224299065421,279,0.0052284132689237595,0.875,0.041159890592098236,,,,,,,,,
,,,5.168224299065421,279,0.007673382759094238,0.925,0.02787136845290661,,,,,,,,,
,,,5.186915887850467,280,0.008172381669282913,0.78125,0.07134566456079483,,,,,,,,,
,,,5.186915887850467,280,0.004641477484256029,0.7875000000000001,0.06699903309345245,,,,,,,,,
,,,5.205607476635514,281,0.005669665522873402,0.9,0.033968765288591385,,,,,,,,,
,,,5.205607476635514,281,0.012813112698495388,0.7937500000000001,0.07084418088197708,,,,,,,,,
,,,5.224299065420561,282,0.006894256919622421,0.925,0.027325980365276337,,,,,,,,,
,,,5.224299065420561,282,0.009292887523770332,0.8500000000000001,0.05150502175092697,,,,,,,,,
,,,5.242990654205608,283,0.012948336079716682,0.89375,0.040938835591077805,,,,,,,,,
,,,5.242990654205608,283,0.011357194744050503,0.725,0.09045004099607468,,,,,,,,,
,,,5.261682242990654,284,0.0030047367326915264,0.89375,0.03397831320762634,,,,,,,,,
,,,5.261682242990654,284,0.004273001104593277,0.86875,0.04236610233783722,,,,,,,,,
,,,5.280373831775701,285,0.004645731300115585,0.9,0.033252011984586716,,,,,,,,,
,,,5.280373831775701,285,0.0049393135122954845,0.6875,0.09720751643180847,,,,,,,,,
,,,5.299065420560748,286,0.0033671176061034203,0.8125,0.05860698223114014,,,,,,,,,
,,,5.299065420560748,286,0.003204256296157837,0.9375,0.020992979407310486,,,,,,,,,
,,,5.317757009345795,287,0.010325162671506405,0.8125,0.06347761303186417,,,,,,,,,
,,,5.317757009345795,287,0.0031515879090875387,0.925,0.02470611222088337,,,,,,,,,
,,,5.336448598130841,288,0.02186671271920204,0.8875,0.049056701362133026,,,,,,,,,
,,,5.336448598130841,288,0.005614592228084803,0.9625,0.015180215239524841,,,,,,,,,
,,,5.355140186915888,289,0.013290883041918278,0.746875,0.08524112403392792,,,,,,,,,
,,,5.355140186915888,289,0.0033644777722656727,0.93125,0.022980134934186935,,,,,,,,,
,,,5.373831775700935,290,0.008329873904585838,0.7000000000000001,0.09583091735839844,,,,,,,,,
,,,5.373831775700935,290,0.026015788316726685,0.775,0.0857110545039177,,,,,,,,,
,,,5.392523364485982,291,0.010266869328916073,0.83125,0.057811807841062546,,,,,,,,,
,,,5.392523364485982,291,0.007519079372286797,0.8875000000000001,0.03901335597038269,,,,,,,,,
,,,5.411214953271028,292,0.0022988731507211924,0.9,0.03160921111702919,,,,,,,,,
,,,5.411214953271028,292,0.004883031360805035,0.6375,0.11216812580823898,,,,,,,,,
,,,5.429906542056075,293,0.00463791424408555,0.81875,0.057621538639068604,,,,,,,,,
,,,5.429906542056075,293,0.002143830992281437,0.9,0.0315006822347641,,,,,,,,,
,,,5.4485981308411215,294,0.006618420593440533,0.79375,0.06650789827108383,,,,,,,,,
,,,5.4485981308411215,294,0.0058559454046189785,0.775,0.07159916311502457,,,,,,,,,
,,,5.4672897196261685,295,0.00751340389251709,0.775,0.07275938242673874,,,,,,,,,
,,,5.4672897196261685,295,0.01988866552710533,0.8875,0.04767206683754921,,,,,,,,,
,,,5.485981308411215,296,0.011000190861523151,0.9625,0.01895013451576233,,,,,,,,,
,,,5.485981308411215,296,0.003523453138768673,0.85,0.04746641963720322,,,,,,,,,
,,,5.5046728971962615,297,0.004658033140003681,0.86875,0.04263562336564064,,,,,,,,,
,,,5.5046728971962615,297,0.003977638669312,0.675,0.10028434544801712,,,,,,,,,
,,,5.5233644859813085,298,0.008612103760242462,0.8,0.06602846831083298,,,,,,,,,
,,,5.5233644859813085,298,0.004363443702459335,0.8625,0.044304411858320236,,,,,,,,,
,,,5.542056074766355,299,0.011788345873355865,0.96875,0.017626842483878136,,,,,,,,,
,,,5.542056074766355,299,0.0027413072530180216,1.0,0.0019189150771126151,,,,,,,,,
0.0476,0.040528394281864166,0.0003,5.5607476635514015,300,,,,,,,,,,,,
,,,5.5607476635514015,300,0.0023326901718974113,0.86875,0.041007883846759796,,,,,,,,,
,,,5.5607476635514015,300,0.004059005994349718,0.8375,0.05159130319952965,,,,,,,,,
,,,5.5607476635514015,300,0.005466950125992298,0.875,0.041326865553855896,,,,,,,,,
,,,5.5607476635514015,300,0.0013822104083374143,0.8,0.060967545956373215,,,,,,,,,
,,,5.5607476635514015,300,0.002037040190771222,0.8875,0.035175930708646774,,,,,,,,,
,,,5.5607476635514015,300,0.0040683262050151825,0.93125,0.023472828790545464,,,,,,,,,
,,,5.5607476635514015,300,0.0028857924044132233,0.9625,0.013270054943859577,,,,,,,,,
,,,5.5607476635514015,300,0.0012528991792351007,0.8625,0.042127031832933426,,,,,,,,,
,,,5.5607476635514015,300,0.005720497574657202,0.88125,0.03962934762239456,,,,,,,,,
,,,5.5607476635514015,300,0.002060110680758953,0.825,0.05394207686185837,,,,,,,,,
,,,5.5607476635514015,300,0.00404542637988925,0.8562500000000001,0.045956797897815704,,,,,,,,,
,,,5.5607476635514015,300,0.005625806283205748,0.9291666666666667,0.025188064202666283,,,,,,,,,
,,,5.5607476635514015,300,0.003531420836225152,1.0,0.0024719946086406708,,,,,,,,,
,,,5.5607476635514015,300,,,,0.03799133375287056,36.9796,2.704,0.352,,,,,
,,,5.5607476635514015,300,0.009134047664701939,0.9125000000000001,0.03264383226633072,,,,,,,,,
,,,5.5607476635514015,300,0.0034653646871447563,0.8625,0.04367575794458389,,,,,,,,,
,,,5.579439252336448,301,0.004064485896378756,0.8625,0.04409514367580414,,,,,,,,,
,,,5.579439252336448,301,0.0029927664436399937,0.8,0.06209493428468704,,,,,,,,,
,,,5.598130841121495,302,0.010266919620335102,0.7625,0.07843684405088425,,,,,,,,,
,,,5.598130841121495,302,0.0037686601281166077,0.9166666666666666,0.027638062834739685,,,,,,,,,
,,,5.616822429906542,303,0.0027841925621032715,0.875,0.03944893553853035,,,,,,,,,
,,,5.616822429906542,303,0.0031349407508969307,0.9125,0.028444457799196243,,,,,,,,,
,,,5.635514018691588,304,0.004489624872803688,0.9625,0.014392737299203873,,,,,,,,,
,,,5.635514018691588,304,0.004096939694136381,0.9,0.032867856323719025,,,,,,,,,
,,,5.654205607476635,305,0.008695030584931374,0.7000000000000001,0.0960865244269371,,,,,,,,,
,,,5.654205607476635,305,0.007063031662255526,0.96875,0.014319121837615967,,,,,,,,,
,,,5.672897196261682,306,0.00802934542298317,0.90625,0.03374554216861725,,,,,,,,,
,,,5.672897196261682,306,0.00890976469963789,0.9,0.03623683378100395,,,,,,,,,
,,,5.691588785046729,307,0.007713070139288902,0.8125,0.0616491474211216,,,,,,,,,
,,,5.691588785046729,307,0.003923834301531315,0.9125,0.028996683657169342,,,,,,,,,
,,,5.710280373831775,308,0.003017821116372943,0.8375,0.050862472504377365,,,,,,,,,
,,,5.710280373831775,308,0.021016549319028854,0.8375,0.06346157938241959,,,,,,,,,
,,,5.728971962616822,309,0.0033578425645828247,0.7916666666666667,0.06485048681497574,,,,,,,,,
,,,5.728971962616822,309,0.018819306045770645,0.80625,0.0712985172867775,,,,,,,,,
,,,5.747663551401869,310,0.002451809123158455,0.8375,0.05046626552939415,,,,,,,,,
,,,5.747663551401869,310,0.0029608774930238724,0.7312500000000001,0.08269761502742767,,,,,,,,,
,,,5.766355140186916,311,0.004756974522024393,0.8625,0.0445798821747303,,,,,,,,,
,,,5.766355140186916,311,0.0056241219863295555,0.96875,0.013311885297298431,,,,,,,,,
,,,5.785046728971962,312,0.005945262033492327,0.88125,0.0397866815328598,,,,,,,,,
,,,5.785046728971962,312,0.002736024558544159,0.8375,0.05066521465778351,,,,,,,,,
,,,5.803738317757009,313,0.004667981527745724,0.8375,0.052017584443092346,,,,,,,,,
,,,5.803738317757009,313,0.005632637068629265,0.80625,0.062067847698926926,,,,,,,,,
,,,5.822429906542056,314,0.004599784500896931,0.8625,0.04446985200047493,,,,,,,,,
,,,5.822429906542056,314,0.014253942295908928,0.6854166666666667,0.10435275733470917,,,,,,,,,
,,,5.841121495327103,315,0.0052625807002186775,1.0,0.003683806397020817,,,,,,,,,
,,,5.841121495327103,315,0.005046785809099674,0.8916666666666667,0.036032747477293015,,,,,,,,,
,,,5.859813084112149,316,0.014465080574154854,0.90625,0.038250554352998734,,,,,,,,,
,,,5.859813084112149,316,0.0056492043659091,0.83125,0.054579444229602814,,,,,,,,,
,,,5.878504672897196,317,0.006162411067634821,0.94375,0.021188687533140182,,,,,,,,,
,,,5.878504672897196,317,0.003385541494935751,0.775,0.06986988335847855,,,,,,,,,
,,,5.897196261682243,318,0.0017886124551296234,0.9625,0.012502029538154602,,,,,,,,,
,,,5.897196261682243,318,0.011369707994163036,0.8,0.06795879453420639,,,,,,,,,
,,,5.91588785046729,319,0.00964714027941227,0.8125,0.06300299614667892,,,,,,,,,
,,,5.91588785046729,319,0.0037039197050035,0.85,0.04759274423122406,,,,,,,,,
,,,5.934579439252336,320,0.005176806356757879,0.89375,0.035498764365911484,,,,,,,,,
,,,5.934579439252336,320,0.007258889731019735,0.8375,0.05383121967315674,,,,,,,,,
,,,5.953271028037383,321,0.007795651908963919,0.90625,0.03358195722103119,,,,,,,,,
,,,5.953271028037383,321,0.0030829785391688347,0.9,0.03215808421373367,,,,,,,,,
,,,5.97196261682243,322,0.006459735333919525,0.8,0.06452181190252304,,,,,,,,,
,,,5.97196261682243,322,0.006961953826248646,0.78125,0.07049836218357086,,,,,,,,,
,,,5.990654205607477,323,0.01089462824165821,0.475,0.165126234292984,,,,,,,,,
,,,6.0,324,0.006935827899724245,0.8625,0.04610507935285568,,,,,,,,,
,,,6.0,324,0.0026478110812604427,0.86875,0.04122846573591232,,,,,,,,,
,,,6.018691588785047,325,0.002768258098512888,0.7000000000000001,0.09193778783082962,,,,,,,,,
,,,6.018691588785047,325,0.0025766685139387846,0.9625,0.013053668662905693,,,,,,,,,
,,,6.037383177570093,326,0.0024100630544126034,0.9,0.031687043607234955,,,,,,,,,
,,,6.037383177570093,326,0.0049560158513486385,0.775,0.07096921652555466,,,,,,,,,
,,,6.05607476635514,327,0.003690245095640421,0.85625,0.045708172023296356,,,,,,,,,
,,,6.05607476635514,327,0.00420788861811161,0.8375,0.05169552192091942,,,,,,,,,
,,,6.074766355140187,328,0.002846519462764263,0.8250000000000001,0.054492563009262085,,,,,,,,,
,,,6.074766355140187,328,0.009396043606102467,0.8562500000000001,0.0497022308409214,,,,,,,,,
,,,6.093457943925234,329,0.003074418753385544,0.8375,0.05090209096670151,,,,,,,,,
,,,6.093457943925234,329,0.005460409447550774,0.8625,0.0450722873210907,,,,,,,,,
,,,6.11214953271028,330,0.0019718834664672613,0.84375,0.0482553169131279,,,,,,,,,
,,,6.11214953271028,330,0.0037931238766759634,0.925,0.025155186653137207,,,,,,,,,
,,,6.130841121495327,331,0.0018633159343153238,0.875,0.038804322481155396,,,,,,,,,
,,,6.130841121495327,331,0.004400945268571377,0.825,0.055580660700798035,,,,,,,,,
,,,6.149532710280374,332,0.007689281832426786,0.8125,0.06163249537348747,,,,,,,,,
,,,6.149532710280374,332,0.0018161655170843005,0.9,0.0312713161110878,,,,,,,,,
,,,6.168224299065421,333,0.0058034928515553474,0.8375,0.05281244218349457,,,,,,,,,
,,,6.168224299065421,333,0.0033007608726620674,0.8375,0.05106053128838539,,,,,,,,,
,,,6.186915887850467,334,0.006637280806899071,0.70625,0.09277109801769257,,,,,,,,,
,,,6.186915887850467,334,0.004712337162345648,0.8854166666666666,0.03767363727092743,,,,,,,,,
,,,6.205607476635514,335,0.006437750533223152,0.7375,0.08325642347335815,,,,,,,,,
,,,6.205607476635514,335,0.005341972224414349,0.96875,0.013114380650222301,,,,,,,,,
,,,6.224299065420561,336,0.00623251311480999,0.9,0.034362759441137314,,,,,,,,,
,,,6.224299065420561,336,0.004267682787030935,0.89375,0.03486237674951553,,,,,,,,,
,,,6.242990654205608,337,0.004613816738128662,0.86875,0.04260466992855072,,,,,,,,,
,,,6.242990654205608,337,0.004568825010210276,0.7312500000000001,0.08382317423820496,,,,,,,,,
,,,6.261682242990654,338,0.006180241703987122,0.86875,0.0437011681497097,,,,,,,,,
,,,6.261682242990654,338,0.004030045121908188,0.8125,0.05907103046774864,,,,,,,,,
,,,6.280373831775701,339,0.0022460094187408686,0.875,0.03907220810651779,,,,,,,,,
,,,6.280373831775701,339,0.016282448545098305,0.9791666666666666,0.01764771342277527,,,,,,,,,
,,,6.299065420560748,340,0.001853563473559916,0.8625,0.04254749417304993,,,,,,,,,
,,,6.299065420560748,340,0.0056161656975746155,0.74375,0.08080631494522095,,,,,,,,,
,,,6.317757009345795,341,0.002400817349553108,0.9375,0.02043057233095169,,,,,,,,,
,,,6.317757009345795,341,0.0045191338285803795,1.0,0.003163393586874008,,,,,,,,,
,,,6.336448598130841,342,0.0037128000985831022,0.79375,0.064473956823349,,,,,,,,,
,,,6.336448598130841,342,0.0056713419035077095,0.8,0.0639699399471283,,,,,,,,,
,,,6.355140186915888,343,0.003841762663796544,0.8,0.06268922984600067,,,,,,,,,
,,,6.355140186915888,343,0.00481521338224411,0.8187500000000001,0.05774565041065216,,,,,,,,,
,,,6.373831775700935,344,0.003243051702156663,0.7250000000000001,0.08477014303207397,,,,,,,,,
,,,6.373831775700935,344,0.005652424413710833,0.7875000000000001,0.06770669668912888,,,,,,,,,
,,,6.392523364485982,345,0.021177154034376144,0.915625,0.04013650864362717,,,,,,,,,
,,,6.392523364485982,345,0.0015725009143352509,0.8875000000000001,0.03485075384378433,,,,,,,,,
,,,6.411214953271028,346,0.0038569350726902485,0.86875,0.04207485541701317,,,,,,,,,
,,,6.411214953271028,346,0.008777489885687828,1.0,0.006144242826849222,,,,,,,,,
,,,6.429906542056075,347,0.008045228198170662,0.9416666666666667,0.023131659254431725,,,,,,,,,
,,,6.429906542056075,347,0.0011834839824587107,1.0,0.0008284387877210975,,,,,,,,,
,,,6.4485981308411215,348,0.005682414397597313,0.73125,0.08460268378257751,,,,,,,,,
,,,6.4485981308411215,348,0.017074810341000557,0.8625,0.053202368319034576,,,,,,,,,
,,,6.4672897196261685,349,0.009968088939785957,0.94375,0.02385266311466694,,,,,,,,,
,,,6.4672897196261685,349,0.010221615433692932,0.84375,0.05403013154864311,,,,,,,,,
,,,6.485981308411215,350,0.006623661145567894,0.821875,0.058074064552783966,,,,,,,,,
,,,6.485981308411215,350,0.007169948425143957,0.90625,0.033143963664770126,,,,,,,,,
,,,6.5046728971962615,351,0.0076910024508833885,0.89375,0.03725869953632355,,,,,,,,,
,,,6.5046728971962615,351,0.004867120645940304,0.7250000000000001,0.0859069898724556,,,,,,,,,
,,,6.5233644859813085,352,0.002936297096312046,0.9375,0.02080540917813778,,,,,,,,,
,,,6.5233644859813085,352,0.004190310835838318,0.9,0.03293321654200554,,,,,,,,,
,,,6.542056074766355,353,0.00367717444896698,0.8875000000000001,0.03632402420043945,,,,,,,,,
,,,6.542056074766355,353,0.004390643909573555,0.6125,0.11932345479726791,,,,,,,,,
,,,6.5607476635514015,354,0.003580718766897917,0.9,0.03250650316476822,,,,,,,,,
,,,6.5607476635514015,354,0.007604221813380718,0.8916666666666667,0.03782295435667038,,,,,,,,,
,,,6.579439252336448,355,0.013955716043710709,0.9125,0.03601900115609169,,,,,,,,,
,,,6.579439252336448,355,0.0049416422843933105,0.9625,0.014709150418639183,,,,,,,,,
,,,6.598130841121495,356,0.003789038397371769,0.9,0.03265232592821121,,,,,,,,,
,,,6.598130841121495,356,0.006182483397424221,0.9562499999999999,0.01745273731648922,,,,,,,,,
,,,6.616822429906542,357,0.004370647482573986,0.83125,0.053684454411268234,,,,,,,,,
,,,6.616822429906542,357,0.010257156565785408,0.8666666666666667,0.04718000814318657,,,,,,,,,
,,,6.635514018691588,358,0.004401880782097578,0.86875,0.04245631769299507,,,,,,,,,
,,,6.635514018691588,358,0.0041564833372831345,0.8166666666666668,0.057909537106752396,,,,,,,,,
,,,6.654205607476635,359,0.0020070457831025124,0.8624999999999999,0.04265493527054787,,,,,,,,,
,,,6.654205607476635,359,0.013973179273307323,0.73125,0.09040622413158417,,,,,,,,,
,,,6.672897196261682,360,0.006865925155580044,0.8,0.06480614840984344,,,,,,,,,
,,,6.672897196261682,360,0.005760683212429285,0.86875,0.04340747743844986,,,,,,,,,
,,,6.691588785046729,361,0.024689029902219772,0.925,0.0397823229432106,,,,,,,,,
,,,6.691588785046729,361,0.004876157268881798,0.9479166666666667,0.019038310274481773,,,,,,,,,
,,,6.710280373831775,362,0.006663934327661991,0.9375,0.02341475524008274,,,,,,,,,
,,,6.710280373831775,362,0.008883767761290073,0.775,0.07371863722801208,,,,,,,,,
,,,6.728971962616822,363,0.008317388594150543,0.9625,0.017072172835469246,,,,,,,,,
,,,6.728971962616822,363,0.024608850479125977,0.8625,0.058476194739341736,,,,,,,,,
,,,6.747663551401869,364,0.008302167057991028,0.984375,0.01049901731312275,,,,,,,,,
,,,6.747663551401869,364,0.006835203617811203,0.775,0.07228464633226395,,,,,,,,,
,,,6.766355140186916,365,0.02971416339278221,0.8375,0.06954991072416306,,,,,,,,,
,,,6.766355140186916,365,0.0028827355708926916,0.9,0.03201791271567345,,,,,,,,,
,,,6.785046728971962,366,0.004537263885140419,0.775,0.07067608833312988,,,,,,,,,
,,,6.785046728971962,366,0.002693546935915947,0.8875000000000001,0.035635482519865036,,,,,,,,,
,,,6.803738317757009,367,0.0035722493194043636,0.7000000000000001,0.09250057488679886,,,,,,,,,
,,,6.803738317757009,367,0.012561483308672905,0.9,0.038793038576841354,,,,,,,,,
,,,6.822429906542056,368,0.0018174165161326528,0.975,0.00877219159156084,,,,,,,,,
,,,6.822429906542056,368,0.0020006634294986725,0.8,0.061400461941957474,,,,,,,,,
,,,6.841121495327103,369,0.002670162357389927,0.975,0.009369113482534885,,,,,,,,,
,,,6.841121495327103,369,0.004575430415570736,0.8625,0.04445280134677887,,,,,,,,,
,,,6.859813084112149,370,0.00395599752664566,0.84375,0.04964419826865196,,,,,,,,,
,,,6.859813084112149,370,0.022093821316957474,0.875,0.0529656782746315,,,,,,,,,
,,,6.878504672897196,371,0.0020960706751793623,0.8500000000000001,0.04646725207567215,,,,,,,,,
,,,6.878504672897196,371,0.01233698334544897,0.921875,0.03207338601350784,,,,,,,,,
,,,6.897196261682243,372,0.016795417293906212,0.925,0.034256793558597565,,,,,,,,,
,,,6.897196261682243,372,0.008574680425226688,1.0,0.006002276204526424,,,,,,,,,
,,,6.91588785046729,373,0.008914048783481121,0.84375,0.05311483517289162,,,,,,,,,
,,,6.91588785046729,373,0.017773037776350975,0.7625000000000001,0.08369112759828568,,,,,,,,,
,,,6.934579439252336,374,0.005329398438334465,0.76875,0.0731055811047554,,,,,,,,,
,,,6.934579439252336,374,0.0015528621152043343,0.9125,0.027337003499269485,,,,,,,,,
,,,6.953271028037383,375,0.006230555009096861,0.8375,0.05311138555407524,,,,,,,,,
,,,6.953271028037383,375,0.004533194005489349,0.69375,0.09504823386669159,,,,,,,,,
,,,6.97196261682243,376,0.02434682659804821,0.8499999999999999,0.062042780220508575,,,,,,,,,
,,,6.97196261682243,376,0.010548116639256477,0.7875000000000001,0.07113368064165115,,,,,,,,,
,,,6.990654205607477,377,0.002810375764966011,1.0,0.0019672629423439503,,,,,,,,,
,,,7.0,378,0.01358146034181118,0.8229166666666666,0.06263202428817749,,,,,,,,,
,,,7.0,378,0.01504726242274046,0.83125,0.061158083379268646,,,,,,,,,
,,,7.018691588785047,379,0.009328154847025871,0.8125,0.06277970969676971,,,,,,,,,
,,,7.018691588785047,379,0.004922333173453808,0.96875,0.012820633128285408,,,,,,,,,
,,,7.037383177570093,380,0.005140792578458786,0.96875,0.012973555363714695,,,,,,,,,
,,,7.037383177570093,380,0.019248289987444878,0.809375,0.07066130638122559,,,,,,,,,
,,,7.05607476635514,381,0.017872801050543785,0.925,0.035010963678359985,,,,,,,,,
,,,7.05607476635514,381,0.002639956772327423,0.9625,0.013097969815135002,,,,,,,,,
,,,7.074766355140187,382,0.0015741343377158046,0.95,0.016101893037557602,,,,,,,,,
,,,7.074766355140187,382,0.007208832539618015,0.775,0.07254618406295776,,,,,,,,,
,,,7.093457943925234,383,0.009936157613992691,1.0,0.006955310236662626,,,,,,,,,
,,,7.093457943925234,383,0.004961399827152491,0.7666666666666667,0.07347297668457031,,,,,,,,,
,,,7.11214953271028,384,0.0016733562806621194,0.9625,0.012421349994838238,,,,,,,,,
,,,7.11214953271028,384,0.008263559080660343,0.7291666666666666,0.08703448623418808,,,,,,,,,
,,,7.130841121495327,385,0.0057166097685694695,0.76875,0.0733766257762909,,,,,,,,,
,,,7.130841121495327,385,0.006627637892961502,0.675,0.10213934630155563,,,,,,,,,
,,,7.149532710280374,386,0.004311141092330217,0.875,0.04051779955625534,,,,,,,,,
,,,7.149532710280374,386,0.004265984520316124,0.9375,0.02173618972301483,,,,,,,,,
,,,7.168224299065421,387,0.006151145324110985,0.7166666666666667,0.0893058031797409,,,,,,,,,
,,,7.168224299065421,387,0.010182090103626251,0.8166666666666667,0.06212746351957321,,,,,,,,,
,,,7.186915887850467,388,0.006420987658202648,0.9125,0.03074469044804573,,,,,,,,,
,,,7.186915887850467,388,0.006888262927532196,0.9375,0.023571785539388657,,,,,,,,,
,,,7.205607476635514,389,0.005093274172395468,0.8375,0.05231529101729393,,,,,,,,,
,,,7.205607476635514,389,0.000881401589140296,0.925,0.023116981610655785,,,,,,,,,
,,,7.224299065420561,390,0.004774375353008509,0.8375,0.0520920604467392,,,,,,,,,
,,,7.224299065420561,390,0.008414778858423233,0.8875000000000001,0.03964034467935562,,,,,,,,,
,,,7.242990654205608,391,0.0028409911319613457,0.85,0.04698869585990906,,,,,,,,,
,,,7.242990654205608,391,0.007993718609213829,0.7312500000000001,0.08622059971094131,,,,,,,,,
,,,7.261682242990654,392,0.0011966420570388436,0.9,0.0308376494795084,,,,,,,,,
,,,7.261682242990654,392,0.016923975199460983,0.7479166666666667,0.08747178316116333,,,,,,,,,
,,,7.280373831775701,393,0.014924222603440285,0.7375,0.08919695764780045,,,,,,,,,
,,,7.280373831775701,393,0.006409757770597935,0.915625,0.029799330979585648,,,,,,,,,
,,,7.299065420560748,394,0.0027241255156695843,0.8375,0.05065688490867615,,,,,,,,,
,,,7.299065420560748,394,0.005264127627015114,0.86875,0.04305988922715187,,,,,,,,,
,,,7.317757009345795,395,0.002402249490842223,0.7125,0.0879315733909607,,,,,,,,,
,,,7.317757009345795,395,0.005488923285156488,0.7625000000000001,0.07509224861860275,,,,,,,,,
,,,7.336448598130841,396,0.005036284681409597,0.8625,0.044775400310754776,,,,,,,,,
,,,7.336448598130841,396,0.004277026280760765,0.8562500000000001,0.04611891880631447,,,,,,,,,
,,,7.355140186915888,397,0.0020088248420506716,0.9625,0.012656178325414658,,,,,,,,,
,,,7.355140186915888,397,0.003680161200463772,0.9625,0.013826113194227219,,,,,,,,,
,,,7.373831775700935,398,0.003280180972069502,0.93125,0.022921128198504448,,,,,,,,,
,,,7.373831775700935,398,0.0035902352537959814,0.9625,0.013763165101408958,,,,,,,,,
,,,7.392523364485982,399,0.009665707126259804,0.9125000000000001,0.03301599249243736,,,,,,,,,
,,,7.392523364485982,399,0.005560845136642456,0.85,0.04889259487390518,,,,,,,,,
0.0471,0.0732114166021347,0.0003,7.411214953271028,400,,,,,,,,,,,,
,,,7.411214953271028,400,0.0026679171714931726,0.8562500000000001,0.04499254375696182,,,,,,,,,
,,,7.411214953271028,400,0.003111785976216197,0.8625,0.04342825338244438,,,,,,,,,
,,,7.429906542056075,401,0.0052638272754848,0.9375,0.02243467979133129,,,,,,,,,
,,,7.429906542056075,401,0.010290094651281834,0.6843750000000001,0.10189056396484375,,,,,,,,,
,,,7.4485981308411215,402,0.005946168210357428,0.80625,0.06228731945157051,,,,,,,,,
,,,7.4485981308411215,402,0.010571138933300972,0.8625,0.04864979907870293,,,,,,,,,
,,,7.4672897196261685,403,0.00488648284226656,0.8,0.06342053413391113,,,,,,,,,
,,,7.4672897196261685,403,0.00373704731464386,0.88125,0.038240931928157806,,,,,,,,,
,,,7.485981308411215,404,0.011044717393815517,0.8718750000000001,0.04616880416870117,,,,,,,,,
,,,7.485981308411215,404,0.006623163353651762,0.76875,0.07401121407747269,,,,,,,,,
,,,7.5046728971962615,405,0.00487526785582304,0.825,0.05591268464922905,,,,,,,,,
,,,7.5046728971962615,405,0.00513334758579731,0.8,0.06359334290027618,,,,,,,,,
,,,7.5233644859813085,406,0.003328796476125717,1.0,0.0023301574401557446,,,,,,,,,
,,,7.5233644859813085,406,0.0076752919703722,0.7375,0.08412270247936249,,,,,,,,,
,,,7.542056074766355,407,0.006918701343238354,0.7812500000000001,0.07046809047460556,,,,,,,,,
,,,7.542056074766355,407,0.005973954685032368,0.9625,0.01543176919221878,,,,,,,,,
,,,7.5607476635514015,408,0.006932666525244713,0.6375000000000002,0.11360286921262741,,,,,,,,,
,,,7.5607476635514015,408,0.006037932820618153,0.9375,0.022976553067564964,,,,,,,,,
,,,7.579439252336448,409,0.004295159596949816,0.86875,0.042381610721349716,,,,,,,,,
,,,7.579439252336448,409,0.00473340880125761,0.71875,0.0876883864402771,,,,,,,,,
,,,7.598130841121495,410,0.006403569132089615,0.76875,0.07385750114917755,,,,,,,,,
,,,7.598130841121495,410,0.006255489774048328,0.625,0.11687883734703064,,,,,,,,,
,,,7.616822429906542,411,0.006751468870788813,0.875,0.04222603142261505,,,,,,,,,
,,,7.616822429906542,411,0.007029195781797171,0.8,0.06492043286561966,,,,,,,,,
,,,7.635514018691588,412,0.008444090373814106,0.8562500000000001,0.04903586208820343,,,,,,,,,
,,,7.635514018691588,412,0.0021744477562606335,1.0,0.0015221134526655078,,,,,,,,,
,,,7.654205607476635,413,0.0037946831434965134,0.9375,0.021406278014183044,,,,,,,,,
,,,7.654205607476635,413,0.011507049202919006,0.9291666666666667,0.029304934665560722,,,,,,,,,
,,,7.672897196261682,414,0.008068136870861053,0.8375,0.054397694766521454,,,,,,,,,
,,,7.672897196261682,414,0.008939878083765507,0.8031250000000001,0.06532041728496552,,,,,,,,,
,,,7.691588785046729,415,0.0017545382725074887,0.93125,0.02185317687690258,,,,,,,,,
,,,7.691588785046729,415,0.005058041773736477,0.90625,0.0316656269133091,,,,,,,,,
,,,7.710280373831775,416,0.005609321407973766,0.8,0.06392652541399002,,,,,,,,,
,,,7.710280373831775,416,0.011988705955445766,0.84375,0.0552670955657959,,,,,,,,,
,,,7.728971962616822,417,0.003426292445510626,0.8250000000000001,0.05489840358495712,,,,,,,,,
,,,7.728971962616822,417,0.005573119968175888,0.875,0.04140118509531021,,,,,,,,,
,,,7.747663551401869,418,0.008485449478030205,0.9500000000000001,0.020939813926815987,,,,,,,,,
,,,7.747663551401869,418,0.013617151416838169,0.74375,0.08640700578689575,,,,,,,,,
,,,7.766355140186916,419,0.004827540833503008,0.90625,0.031504277139902115,,,,,,,,,
,,,7.766355140186916,419,0.0027994532138109207,0.9125,0.028209615498781204,,,,,,,,,
,,,7.785046728971962,420,0.0008606737246736884,0.9625,0.011852472089231014,,,,,,,,,
,,,7.785046728971962,420,0.013201446272432804,0.8562500000000001,0.05236601084470749,,,,,,,,,
,,,7.803738317757009,421,0.0022827968932688236,0.8625,0.04284796118736267,,,,,,,,,
,,,7.803738317757009,421,0.0351492278277874,0.8125,0.08085446059703827,,,,,,,,,
,,,7.822429906542056,422,0.0016779144061729312,0.8875000000000001,0.03492454066872597,,,,,,,,,
,,,7.822429906542056,422,0.002240903675556183,0.925,0.02406863309442997,,,,,,,,,
,,,7.841121495327103,423,0.001859184936620295,0.825,0.05380142852663994,,,,,,,,,
,,,7.841121495327103,423,0.005632306449115276,0.85,0.04894261807203293,,,,,,,,,
,,,7.859813084112149,424,0.005962451919913292,0.9875,0.007923715747892857,,,,,,,,,
,,,7.859813084112149,424,0.010671775788068771,0.7937500000000001,0.06934524327516556,,,,,,,,,
,,,7.878504672897196,425,0.007253801450133324,0.8625,0.04632766172289848,,,,,,,,,
,,,7.878504672897196,425,0.0034201103262603283,0.8,0.062394075095653534,,,,,,,,,
,,,7.897196261682243,426,0.00714543042704463,0.8375,0.05375180020928383,,,,,,,,,
,,,7.897196261682243,426,0.003739443141967058,0.96875,0.01199261099100113,,,,,,,,,
,,,7.91588785046729,427,0.01145077869296074,0.8375,0.056765541434288025,,,,,,,,,
,,,7.91588785046729,427,0.006517115980386734,0.84375,0.05143698304891586,,,,,,,,,
,,,7.934579439252336,428,0.008346639573574066,0.93125,0.026467647403478622,,,,,,,,,
,,,7.934579439252336,428,0.014907143078744411,0.83125,0.06106000021100044,,,,,,,,,
,,,7.953271028037383,429,0.005638337694108486,0.9,0.03394683450460434,,,,,,,,,
,,,7.953271028037383,429,0.0035195108503103256,0.8375,0.05121365562081337,,,,,,,,,
,,,7.97196261682243,430,0.0059631383046507835,0.7375,0.08292419463396072,,,,,,,,,
,,,7.97196261682243,430,0.002202365081757307,0.8625,0.04279165714979172,,,,,,,,,
,,,7.990654205607477,431,0.0035953237675130367,0.75,0.07751672714948654,,,,,,,,,
,,,8.0,432,0.002690773457288742,0.8,0.06188353896141052,,,,,,,,,
,,,8.0,432,0.008088343776762486,0.8916666666666667,0.03816184028983116,,,,,,,,,
,,,8.018691588785046,433,0.004526940174400806,0.84375,0.05004385858774185,,,,,,,,,
,,,8.018691588785046,433,0.030260367318987846,0.7374999999999999,0.09993225336074829,,,,,,,,,
,,,8.037383177570094,434,0.0018879685085266829,0.9,0.03132157772779465,,,,,,,,,
,,,8.037383177570094,434,0.003532166127115488,0.6250000000000001,0.11497251689434052,,,,,,,,,
,,,8.05607476635514,435,0.0029126203153282404,0.9375,0.020788835361599922,,,,,,,,,
,,,8.05607476635514,435,0.008605496026575565,0.775,0.07352384924888611,,,,,,,,,
,,,8.074766355140186,436,0.005569729954004288,0.825,0.05639880895614624,,,,,,,,,
,,,8.074766355140186,436,0.02065826579928398,0.84375,0.061335787177085876,,,,,,,,,
,,,8.093457943925234,437,0.007717821281403303,0.96875,0.014777475036680698,,,,,,,,,
,,,8.093457943925234,437,0.004550793208181858,0.8375,0.051935553550720215,,,,,,,,,
,,,8.11214953271028,438,0.006745208520442247,0.9375,0.023471646010875702,,,,,,,,,
,,,8.11214953271028,438,0.002752216998487711,0.8250000000000001,0.05442655086517334,,,,,,,,,
,,,8.130841121495328,439,0.006552334874868393,0.78125,0.07021163403987885,,,,,,,,,
,,,8.130841121495328,439,0.009975512512028217,0.91875,0.03135785833001137,,,,,,,,,
,,,8.149532710280374,440,0.009952795691788197,0.8625,0.04821695759892464,,,,,,,,,
,,,8.149532710280374,440,0.009644408710300922,0.825,0.0592510849237442,,,,,,,,,
,,,8.16822429906542,441,0.0011978168040513992,1.0,0.0008384717511944473,,,,,,,,,
,,,8.16822429906542,441,0.004002425353974104,0.8375,0.0515516959130764,,,,,,,,,
,,,8.186915887850468,442,0.003371175844222307,0.8250000000000001,0.05485982075333595,,,,,,,,,
,,,8.186915887850468,442,0.011482620611786842,0.84375,0.054912835359573364,,,,,,,,,
,,,8.205607476635514,443,0.02944272570312023,1.0,0.020609907805919647,,,,,,,,,
,,,8.205607476635514,443,0.023081043735146523,0.84375,0.06303173303604126,,,,,,,,,
,,,8.22429906542056,444,0.002489216160029173,0.9,0.03174244984984398,,,,,,,,,
,,,8.22429906542056,444,0.004885575268417597,0.925,0.025919903069734573,,,,,,,,,
,,,8.242990654205608,445,0.00559450825676322,0.9375,0.02266615629196167,,,,,,,,,
,,,8.242990654205608,445,0.0030310843139886856,0.9375,0.020871760323643684,,,,,,,,,
,,,8.261682242990654,446,0.007535994052886963,0.8166666666666668,0.06027519702911377,,,,,,,,,
,,,8.261682242990654,446,0.002022041939198971,0.8875,0.03516542911529541,,,,,,,,,
,,,8.280373831775702,447,0.008033507503569126,0.925,0.028123456984758377,,,,,,,,,
,,,8.280373831775702,447,0.012587309814989567,0.921875,0.032248616218566895,,,,,,,,,
,,,8.299065420560748,448,0.004745288286358118,0.8375,0.052071698009967804,,,,,,,,,
,,,8.299065420560748,448,0.008867865428328514,0.73125,0.08683250099420547,,,,,,,,,
,,,8.317757009345794,449,0.005199647508561611,0.8500000000000001,0.04863975569605827,,,,,,,,,
,,,8.317757009345794,449,0.021201780065894127,0.884375,0.04952874779701233,,,,,,,,,
,,,8.336448598130842,450,0.001193018862977624,0.9,0.030835112556815147,,,,,,,,,
,,,8.336448598130842,450,0.005924656055867672,0.775,0.0716472640633583,,,,,,,,,
,,,8.355140186915888,451,0.006415411829948425,0.784375,0.06917828321456909,,,,,,,,,
,,,8.355140186915888,451,0.00342783285304904,0.7125,0.08864948153495789,,,,,,,,,
,,,8.373831775700934,452,0.010999379679560661,0.9489583333333333,0.0230120662599802,,,,,,,,,
,,,8.373831775700934,452,0.014371241442859173,0.9187500000000001,0.03443486988544464,,,,,,,,,
,,,8.392523364485982,453,0.022997355088591576,0.915625,0.041410647332668304,,,,,,,,,
,,,8.392523364485982,453,0.03564789146184921,0.9395833333333333,0.04307852312922478,,,,,,,,,
,,,8.411214953271028,454,0.0040413797833025455,0.825,0.055328965187072754,,,,,,,,,
,,,8.411214953271028,454,0.002113549504429102,0.9,0.03147948533296585,,,,,,,,,
,,,8.429906542056075,455,0.026035046204924583,0.75625,0.0913495272397995,,,,,,,,,
,,,8.429906542056075,455,0.003427777672186494,0.8875,0.03614944592118263,,,,,,,,,
,,,8.448598130841122,456,0.00909757986664772,0.8875,0.04011830687522888,,,,,,,,,
,,,8.448598130841122,456,0.002967030508443713,0.9,0.03207692131400108,,,,,,,,,
,,,8.467289719626168,457,0.0027739102952182293,0.9,0.0319417379796505,,,,,,,,,
,,,8.467289719626168,457,0.01108459010720253,0.7083333333333334,0.09525921195745468,,,,,,,,,
,,,8.485981308411215,458,0.0023142448626458645,1.0,0.0016199713572859764,,,,,,,,,
,,,8.485981308411215,458,0.008726042695343494,0.8125,0.06235823035240173,,,,,,,,,
,,,8.504672897196262,459,0.008750984445214272,0.81875,0.06050068885087967,,,,,,,,,
,,,8.504672897196262,459,0.007562756538391113,0.909375,0.03248142823576927,,,,,,,,,
,,,8.523364485981308,460,0.0033971345983445644,0.7500000000000001,0.07737799733877182,,,,,,,,,
,,,8.523364485981308,460,0.006425211206078529,0.90625,0.032622646540403366,,,,,,,,,
,,,8.542056074766355,461,0.002308852504938841,0.8,0.0616161972284317,,,,,,,,,
,,,8.542056074766355,461,0.002984029706567526,0.88125,0.03771382197737694,,,,,,,,,
,,,8.560747663551401,462,0.003204040229320526,0.7875,0.0659928247332573,,,,,,,,,
,,,8.560747663551401,462,0.004300787579268217,0.7979166666666667,0.06363555043935776,,,,,,,,,
,,,8.57943925233645,463,0.003075682558119297,0.7125,0.08840297907590866,,,,,,,,,
,,,8.57943925233645,463,0.002687357598915696,0.7375,0.08063115179538727,,,,,,,,,
,,,8.598130841121495,464,0.0030381171964108944,0.8875,0.03587668389081955,,,,,,,,,
,,,8.598130841121495,464,0.004991181660443544,0.7166666666666667,0.08849383145570755,,,,,,,,,
,,,8.616822429906541,465,0.005497072357684374,0.75625,0.07697294652462006,,,,,,,,,
,,,8.616822429906541,465,0.007175065577030182,0.96875,0.014397546648979187,,,,,,,,,
,,,8.63551401869159,466,0.007310942281037569,0.9,0.03511765971779823,,,,,,,,,
,,,8.63551401869159,466,0.013758569024503231,0.946875,0.02556849829852581,,,,,,,,,
,,,8.654205607476635,467,0.004573803395032883,0.84375,0.05007666349411011,,,,,,,,,
,,,8.654205607476635,467,0.026743359863758087,0.9302083333333333,0.03965785354375839,,,,,,,,,
,,,8.672897196261681,468,0.012711266055703163,0.9625,0.020147886127233505,,,,,,,,,
,,,8.672897196261681,468,0.014884980395436287,0.9500000000000001,0.025419484823942184,,,,,,,,,
,,,8.69158878504673,469,0.0027957377023994923,0.8375,0.05070701614022255,,,,,,,,,
,,,8.69158878504673,469,0.006461076904088259,0.86875,0.043897755444049835,,,,,,,,,
,,,8.710280373831775,470,0.0019364012405276299,0.8,0.061355479061603546,,,,,,,,,
,,,8.710280373831775,470,0.003597097937017679,0.8375,0.051267966628074646,,,,,,,,,
,,,8.728971962616823,471,0.0065591419115662575,0.825,0.05709139630198479,,,,,,,,,
,,,8.728971962616823,471,0.013864776119589806,0.9125,0.03595534339547157,,,,,,,,,
,,,8.74766355140187,472,0.00725271413102746,0.80625,0.0632018968462944,,,,,,,,,
,,,8.74766355140187,472,0.006780239753425121,0.875,0.042246170341968536,,,,,,,,,
,,,8.766355140186915,473,0.006356893572956324,0.709375,0.09163732081651688,,,,,,,,,
,,,8.766355140186915,473,0.00904912780970335,0.8375,0.055084388703107834,,,,,,,,,
,,,8.785046728971963,474,0.006976126227527857,0.9625,0.01613328978419304,,,,,,,,,
,,,8.785046728971963,474,0.0050788396038115025,0.84375,0.050430186092853546,,,,,,,,,
,,,8.80373831775701,475,0.003726277034729719,0.925,0.025108395144343376,,,,,,,,,
,,,8.80373831775701,475,0.013644559308886528,0.7687499999999999,0.0789261907339096,,,,,,,,,
,,,8.822429906542055,476,0.006818157620728016,0.93125,0.025397710502147675,,,,,,,,,
,,,8.822429906542055,476,0.011151877231895924,0.8375,0.05655631422996521,,,,,,,,,
,,,8.841121495327103,477,0.004607001319527626,0.8875000000000001,0.03697490319609642,,,,,,,,,
,,,8.841121495327103,477,0.012961073778569698,0.8625,0.0503227524459362,,,,,,,,,
,,,8.85981308411215,478,0.011014450341463089,0.9416666666666667,0.025210116058588028,,,,,,,,,
,,,8.85981308411215,478,0.004090467467904091,0.8625,0.04411333054304123,,,,,,,,,
,,,8.878504672897197,479,0.004069549962878227,0.86875,0.04222368448972702,,,,,,,,,
,,,8.878504672897197,479,0.0065625738352537155,0.80625,0.06271880120038986,,,,,,,,,
,,,8.897196261682243,480,0.0023716846480965614,0.8625,0.04291018098592758,,,,,,,,,
,,,8.897196261682243,480,0.003691216465085745,0.8625,0.04383385181427002,,,,,,,,,
,,,8.91588785046729,481,0.005136718507856131,0.8875,0.037345703691244125,,,,,,,,,
,,,8.91588785046729,481,0.0077517032623291016,0.9125,0.031676191836595535,,,,,,,,,
,,,8.934579439252337,482,0.00995071791112423,0.9,0.0369655005633831,,,,,,,,,
,,,8.934579439252337,482,0.01115325465798378,0.8125,0.06405727565288544,,,,,,,,,
,,,8.953271028037383,483,0.008361627347767353,0.8604166666666667,0.04772813990712166,,,,,,,,,
,,,8.953271028037383,483,0.002823900431394577,1.0,0.001976730301976204,,,,,,,,,
,,,8.97196261682243,484,0.004436976741999388,0.925,0.025605885311961174,,,,,,,,,
,,,8.97196261682243,484,0.0016674649668857455,0.925,0.0236672256141901,,,,,,,,,
,,,8.990654205607477,485,0.00925850123167038,0.6,0.12648095190525055,,,,,,,,,
,,,9.0,486,0.0027198726311326027,0.946875,0.017841409891843796,,,,,,,,,
,,,9.0,486,0.004906840622425079,0.8375,0.05218478664755821,,,,,,,,,
,,,9.018691588785046,487,0.008924834430217743,0.96875,0.01562238484621048,,,,,,,,,
,,,9.018691588785046,487,0.002303771674633026,0.9625,0.01286264043301344,,,,,,,,,
,,,9.037383177570094,488,0.0037148778792470694,0.975,0.010100414045155048,,,,,,,,,
,,,9.037383177570094,488,0.002440821845084429,0.8625,0.0429585762321949,,,,,,,,,
,,,9.05607476635514,489,0.0028111820574849844,0.925,0.02446782775223255,,,,,,,,,
,,,9.05607476635514,489,0.015456805005669594,0.9125,0.037069760262966156,,,,,,,,,
,,,9.074766355140186,490,0.003557262010872364,0.93125,0.023115083575248718,,,,,,,,,
,,,9.074766355140186,490,0.012805711477994919,0.9604166666666667,0.02083899825811386,,,,,,,,,
,,,9.093457943925234,491,0.003574136644601822,0.9625,0.013751896098256111,,,,,,,,,
,,,9.093457943925234,491,0.007346409372985363,0.8250000000000001,0.057642485946416855,,,,,,,,,
,,,9.11214953271028,492,0.0024913810193538666,0.85,0.0467439666390419,,,,,,,,,
,,,9.11214953271028,492,0.006347693968564272,0.809375,0.06163088604807854,,,,,,,,,
,,,9.130841121495328,493,0.005275444593280554,0.9375,0.022442812100052834,,,,,,,,,
,,,9.130841121495328,493,0.002718456322327256,0.88125,0.03752791881561279,,,,,,,,,
,,,9.149532710280374,494,0.006099254358559847,0.95625,0.017394477501511574,,,,,,,,,
,,,9.149532710280374,494,0.002440592274069786,0.8250000000000001,0.054208412766456604,,,,,,,,,
,,,9.16822429906542,495,0.011032063513994217,0.8562500000000001,0.05084744468331337,,,,,,,,,
,,,9.16822429906542,495,0.005167644936591387,0.925,0.0261173527687788,,,,,,,,,
,,,9.186915887850468,496,0.003174019046127796,0.8625,0.0434718132019043,,,,,,,,,
,,,9.186915887850468,496,0.013874858617782593,0.9500000000000001,0.024712400510907173,,,,,,,,,
,,,9.205607476635514,497,0.007064626552164555,0.90625,0.03307023644447327,,,,,,,,,
,,,9.205607476635514,497,0.007094109430909157,0.9125,0.03121587634086609,,,,,,,,,
,,,9.22429906542056,498,0.0044257547706365585,0.775,0.07059802860021591,,,,,,,,,
,,,9.22429906542056,498,0.002251210855320096,0.9625,0.012825848534703255,,,,,,,,,
,,,9.242990654205608,499,0.003416294464841485,0.9375,0.021141406148672104,,,,,,,,,
,,,9.242990654205608,499,0.003919920884072781,0.9375,0.02149394527077675,,,,,,,,,
0.046,0.0224335715174675,0.0003,9.261682242990654,500,,,,,,,,,,,,
,,,9.261682242990654,500,0.005547830834984779,0.8375,0.05263347923755646,,,,,,,,,
,,,9.261682242990654,500,0.005446895956993103,0.9,0.03381282836198807,,,,,,,,,
,,,9.280373831775702,501,0.0025641070678830147,0.8,0.06179487332701683,,,,,,,,,
,,,9.280373831775702,501,0.001208948320709169,0.975,0.008346263319253922,,,,,,,,,
,,,9.299065420560748,502,0.005666924640536308,0.875,0.0414668470621109,,,,,,,,,
,,,9.299065420560748,502,0.005087452940642834,0.9,0.03356121480464935,,,,,,,,,
,,,9.317757009345794,503,0.005158157087862492,0.8125,0.059860710054636,,,,,,,,,
,,,9.317757009345794,503,0.0057485769502818584,0.76875,0.07339900732040405,,,,,,,,,
,,,9.336448598130842,504,0.003210189752280712,0.83125,0.05287213250994682,,,,,,,,,
,,,9.336448598130842,504,0.004251578822731972,0.89375,0.03485110402107239,,,,,,,,,
,,,9.355140186915888,505,0.00135773082729429,0.9,0.030950410291552544,,,,,,,,,
,,,9.355140186915888,505,0.003655446693301201,0.925,0.025058813393115997,,,,,,,,,
,,,9.373831775700934,506,0.005407131277024746,0.884375,0.0384724922478199,,,,,,,,,
,,,9.373831775700934,506,0.011165302246809006,0.83125,0.058440711349248886,,,,,,,,,
,,,9.392523364485982,507,0.00901204813271761,0.96875,0.015683434903621674,,,,,,,,,
,,,9.392523364485982,507,0.005500788800418377,0.93125,0.024475552141666412,,,,,,,,,
,,,9.411214953271028,508,0.0028890224639326334,0.8875000000000001,0.03577231615781784,,,,,,,,,
,,,9.411214953271028,508,0.004614462610334158,0.89375,0.03510512411594391,,,,,,,,,
,,,9.429906542056075,509,0.004746899474412203,0.90625,0.03144782781600952,,,,,,,,,
,,,9.429906542056075,509,0.003076727967709303,0.925,0.024653710424900055,,,,,,,,,
,,,9.448598130841122,510,0.015012603253126144,0.96875,0.01988382264971733,,,,,,,,,
,,,9.448598130841122,510,0.0035369303077459335,0.86875,0.041850849986076355,,,,,,,,,
,,,9.467289719626168,511,0.009347846731543541,0.853125,0.05060598999261856,,,,,,,,,
,,,9.467289719626168,511,0.004598925821483135,0.9375,0.021969249472022057,,,,,,,,,
,,,9.485981308411215,512,0.011349493637681007,0.83125,0.05856964737176895,,,,,,,,,
,,,9.485981308411215,512,0.005918575916439295,0.8333333333333333,0.05414300411939621,,,,,,,,,
,,,9.504672897196262,513,0.0055229985155165195,0.9375,0.022616099566221237,,,,,,,,,
,,,9.504672897196262,513,0.004509681835770607,1.0,0.003156777238473296,,,,,,,,,
,,,9.523364485981308,514,0.0029487358406186104,0.9125,0.02831411361694336,,,,,,,,,
,,,9.523364485981308,514,0.0019778097048401833,0.9625,0.012634467333555222,,,,,,,,,
,,,9.542056074766355,515,0.003784535452723503,0.9,0.03264917433261871,,,,,,,,,
,,,9.542056074766355,515,0.008420221507549286,0.9229166666666667,0.029019154608249664,,,,,,,,,
,,,9.560747663551401,516,0.002545586321502924,1.0,0.0017819104250520468,,,,,,,,,
,,,9.560747663551401,516,0.02185572125017643,0.7479166666666667,0.09092400968074799,,,,,,,,,
,,,9.57943925233645,517,0.007124772761017084,0.8625,0.046237342059612274,,,,,,,,,
,,,9.57943925233645,517,0.0015108354855328798,1.0,0.0010575847700238228,,,,,,,,,
,,,9.598130841121495,518,0.003412033896893263,0.7875,0.06613842397928238,,,,,,,,,
,,,9.598130841121495,518,0.0046731941401958466,0.96875,0.012646236456930637,,,,,,,,,
,,,9.616822429906541,519,0.005341989919543266,0.975,0.011239392682909966,,,,,,,,,
,,,9.616822429906541,519,0.008131327107548714,0.875,0.04319193214178085,,,,,,,,,
,,,9.63551401869159,520,0.005489726085215807,0.8916666666666667,0.0363428071141243,,,,,,,,,
,,,9.63551401869159,520,0.008163025602698326,0.9625,0.01696411892771721,,,,,,,,,
,,,9.654205607476635,521,0.004166223108768463,0.80625,0.06104135513305664,,,,,,,,,
,,,9.654205607476635,521,0.0035018480848520994,0.8250000000000001,0.05495129153132439,,,,,,,,,
,,,9.672897196261681,522,0.00680689699947834,0.83125,0.055389828979969025,,,,,,,,,
,,,9.672897196261681,522,0.0023920079693198204,0.925,0.024174407124519348,,,,,,,,,
,,,9.69158878504673,523,0.0024630988482385874,0.925,0.024224169552326202,,,,,,,,,
,,,9.69158878504673,523,0.003405774012207985,0.925,0.024884043261408806,,,,,,,,,
,,,9.710280373831775,524,0.0037524853833019733,0.8375,0.05137673765420914,,,,,,,,,
,,,9.710280373831775,524,0.004613409284502268,0.7937500000000001,0.06510438770055771,,,,,,,,,
,,,9.728971962616823,525,0.018407195806503296,0.93125,0.03351003676652908,,,,,,,,,
,,,9.728971962616823,525,0.002563954796642065,0.9625,0.013044768944382668,,,,,,,,,
,,,9.74766355140187,526,0.003668698016554117,0.9625,0.013818088918924332,,,,,,,,,
,,,9.74766355140187,526,0.006080689840018749,1.0,0.0042564827017486095,,,,,,,,,
,,,9.766355140186915,527,0.0020914352498948574,0.9375,0.020214006304740906,,,,,,,,,
,,,9.766355140186915,527,0.006280919536948204,0.925,0.0268966443836689,,,,,,,,,
,,,9.785046728971963,528,0.00325595960021019,0.80625,0.06040417402982712,,,,,,,,,
,,,9.785046728971963,528,0.005121272057294846,0.7625000000000001,0.07483489066362381,,,,,,,,,
,,,9.80373831775701,529,0.0036287843249738216,0.9625,0.013790149241685867,,,,,,,,,
,,,9.80373831775701,529,0.00675604585558176,0.86875,0.044104233384132385,,,,,,,,,
,,,9.822429906542055,530,,,,,,,,3102.74,2.74,0.171,5087234217738240.0,0.33008531826847004
